case_id,employee_id,employee_name,contract_type,base_salary,claimed_commute,telework_days,claimed_housing,custom_deduction,deduction_reason
PI-PROD-2026-001,EMP-9401,Employee 01,regular,323500,9200,3,0,0,
PI-PROD-2026-002,EMP-9402,Employee 02,regular,327000,10400,6,25000,0,
PI-PROD-2026-003,EMP-9403,Employee 03,regular,495000,185000,4,20000,0,
PI-PROD-2026-004,EMP-9404,Employee 04,contract,300000,15000,5,15000,75000,Advance emergency salary repayment
PI-PROD-2026-005,EMP-9405,Employee 05,outsourcing,480000,19500,7,25000,0,
PI-PROD-2026-006,EMP-9406,Employee 06,regular,341000,15200,0,15000,8000,Company Housing Maintenance Fee
PI-PROD-2026-007,EMP-9407,Employee 07,regular,344500,16400,3,0,0,
PI-PROD-2026-008,EMP-9408,Employee 08,contract,348000,17600,6,25000,0,
PI-PROD-2026-009,EMP-9409,Employee 09,outsourcing,351500,18800,9,0,0,
PI-PROD-2026-010,EMP-9410,Employee 10,regular,355000,20000,12,25000,0,
PI-PROD-2026-011,EMP-9411,Employee 11,regular,358500,21200,15,0,0,
PI-PROD-2026-012,EMP-9412,Employee 12,regular,362000,22400,0,15000,8000,Company Housing Maintenance Fee
PI-PROD-2026-013,EMP-9413,Employee 13,contract,365500,23600,3,0,0,
PI-PROD-2026-014,EMP-9414,Employee 14,outsourcing,369000,24800,6,0,0,
PI-PROD-2026-015,EMP-9415,Employee 15,regular,372500,26000,9,15000,0,
PI-PROD-2026-016,EMP-9416,Employee 16,regular,376000,27200,12,25000,0,
PI-PROD-2026-017,EMP-9417,Employee 17,outsourcing,440000,15000,7,25000,0,
PI-PROD-2026-018,EMP-9418,Employee 18,contract,383000,29600,0,15000,0,
PI-PROD-2026-019,EMP-9419,Employee 19,outsourcing,386500,30800,3,0,0,
PI-PROD-2026-020,EMP-9420,Employee 20,regular,390000,32000,6,25000,0,
PI-PROD-2026-021,EMP-9421,Employee 21,regular,393500,33200,9,15000,0,
PI-PROD-2026-022,EMP-9422,Employee 22,regular,397000,34400,12,25000,0,
PI-PROD-2026-023,EMP-9423,Employee 23,contract,400500,35600,15,0,0,
PI-PROD-2026-024,EMP-9424,Employee 24,outsourcing,404000,36800,0,0,0,
PI-PROD-2026-025,EMP-9425,Employee 25,regular,407500,38000,3,0,0,
PI-PROD-2026-026,EMP-9426,Employee 26,regular,411000,39200,6,25000,0,
PI-PROD-2026-027,EMP-9427,Employee 27,regular,470000,185000,4,20000,0,
PI-PROD-2026-028,EMP-9428,Employee 28,contract,418000,9600,12,25000,0,
PI-PROD-2026-029,EMP-9429,Employee 29,outsourcing,421500,10800,15,0,0,
PI-PROD-2026-030,EMP-9430,Employee 30,regular,425000,12000,0,15000,8000,Company Housing Maintenance Fee
PI-PROD-2026-031,EMP-9431,Employee 31,regular,428500,13200,3,0,0,
PI-PROD-2026-032,EMP-9432,Employee 32,outsourcing,460000,15000,10,25000,0,
PI-PROD-2026-033,EMP-9433,Employee 33,contract,435500,15600,9,15000,0,
PI-PROD-2026-034,EMP-9434,Employee 34,outsourcing,439000,16800,12,0,0,
PI-PROD-2026-035,EMP-9435,Employee 35,regular,442500,18000,15,0,0,
PI-PROD-2026-036,EMP-9436,Employee 36,regular,446000,19200,0,15000,8000,Company Housing Maintenance Fee
PI-PROD-2026-037,EMP-9437,Employee 37,regular,449500,20400,3,0,0,
PI-PROD-2026-038,EMP-9438,Employee 38,contract,300000,15000,5,15000,75000,Advance emergency salary repayment
PI-PROD-2026-039,EMP-9439,Employee 39,outsourcing,456500,22800,9,0,0,
PI-PROD-2026-040,EMP-9440,Employee 40,regular,460000,24000,12,25000,0,
PI-PROD-2026-041,EMP-9441,Employee 41,regular,463500,25200,15,0,0,
PI-PROD-2026-042,EMP-9442,Employee 42,regular,467000,26400,0,15000,8000,Company Housing Maintenance Fee
PI-PROD-2026-043,EMP-9443,Employee 43,contract,470500,27600,3,0,0,
PI-PROD-2026-044,EMP-9444,Employee 44,outsourcing,474000,28800,6,0,0,
PI-PROD-2026-045,EMP-9445,Employee 45,regular,477500,30000,9,15000,0,
PI-PROD-2026-046,EMP-9446,Employee 46,regular,481000,31200,12,25000,0,
PI-PROD-2026-047,EMP-9447,Employee 47,regular,484500,32400,15,0,0,
PI-PROD-2026-048,EMP-9448,Employee 48,contract,488000,33600,0,15000,0,
PI-PROD-2026-049,EMP-9449,Employee 49,outsourcing,491500,34800,3,0,0,
PI-PROD-2026-050,EMP-9450,Employee 50,regular,495000,36000,6,25000,0,
PI-PROD-2026-051,EMP-9451,Employee 51,regular,445000,185000,4,20000,0,
PI-PROD-2026-052,EMP-9452,Employee 52,regular,502000,38400,12,25000,0,
PI-PROD-2026-053,EMP-9453,Employee 53,contract,505500,39600,15,0,0,
PI-PROD-2026-054,EMP-9454,Employee 54,outsourcing,509000,8800,0,0,0,
PI-PROD-2026-055,EMP-9455,Employee 55,regular,512500,10000,3,0,0,
PI-PROD-2026-056,EMP-9456,Employee 56,regular,516000,11200,6,25000,0,
PI-PROD-2026-057,EMP-9457,Employee 57,regular,519500,12400,9,15000,0,
PI-PROD-2026-058,EMP-9458,Employee 58,outsourcing,420000,31500,12,25000,0,
PI-PROD-2026-059,EMP-9459,Employee 59,outsourcing,526500,14800,15,0,0,
PI-PROD-2026-060,EMP-9460,Employee 60,regular,530000,16000,0,15000,8000,Company Housing Maintenance Fee
PI-PROD-2026-061,EMP-9461,Employee 61,regular,533500,17200,3,0,0,
PI-PROD-2026-062,EMP-9462,Employee 62,regular,537000,18400,6,25000,0,
PI-PROD-2026-063,EMP-9463,Employee 63,contract,540500,19600,9,15000,0,
PI-PROD-2026-064,EMP-9464,Employee 64,outsourcing,544000,20800,12,0,0,
PI-PROD-2026-065,EMP-9465,Employee 65,regular,547500,22000,15,0,0,
PI-PROD-2026-066,EMP-9466,Employee 66,regular,551000,23200,0,15000,8000,Company Housing Maintenance Fee
PI-PROD-2026-067,EMP-9467,Employee 67,regular,300000,15000,5,15000,75000,Advance emergency salary repayment
PI-PROD-2026-068,EMP-9468,Employee 68,contract,558000,25600,6,25000,0,
PI-PROD-2026-069,EMP-9469,Employee 69,outsourcing,561500,26800,9,0,0,
PI-PROD-2026-070,EMP-9470,Employee 70,regular,565000,28000,12,25000,0,
PI-PROD-2026-071,EMP-9471,Employee 71,regular,568500,29200,15,0,0,
PI-PROD-2026-072,EMP-9472,Employee 72,regular,572000,30400,0,15000,8000,Company Housing Maintenance Fee
PI-PROD-2026-073,EMP-9473,Employee 73,contract,575500,31600,3,0,0,
PI-PROD-2026-074,EMP-9474,Employee 74,outsourcing,579000,32800,6,0,0,
PI-PROD-2026-075,EMP-9475,Employee 75,regular,582500,34000,9,15000,0,
PI-PROD-2026-076,EMP-9476,Employee 76,regular,445000,155000,5,20000,0,
PI-PROD-2026-077,EMP-9477,Employee 77,regular,589500,36400,15,0,0,
PI-PROD-2026-078,EMP-9478,Employee 78,contract,593000,37600,0,15000,0,
PI-PROD-2026-079,EMP-9479,Employee 79,outsourcing,596500,38800,3,0,0,
PI-PROD-2026-080,EMP-9480,Employee 80,regular,600000,8000,6,25000,0,
PI-PROD-2026-081,EMP-9481,Employee 81,regular,603500,9200,9,15000,0,
PI-PROD-2026-082,EMP-9482,Employee 82,regular,607000,10400,12,25000,0,
PI-PROD-2026-083,EMP-9483,Employee 83,outsourcing,500000,24000,13,25000,0,
PI-PROD-2026-084,EMP-9484,Employee 84,outsourcing,614000,12800,0,0,0,
PI-PROD-2026-085,EMP-9485,Employee 85,regular,617500,14000,3,0,0,
PI-PROD-2026-086,EMP-9486,Employee 86,regular,621000,15200,6,25000,0,
PI-PROD-2026-087,EMP-9487,Employee 87,regular,624500,16400,9,15000,0,
PI-PROD-2026-088,EMP-9488,Employee 88,contract,628000,17600,12,25000,0,
PI-PROD-2026-089,EMP-9489,Employee 89,outsourcing,631500,18800,15,0,0,
PI-PROD-2026-090,EMP-9490,Employee 90,regular,635000,20000,0,15000,8000,Company Housing Maintenance Fee
PI-PROD-2026-091,EMP-9491,Employee 91,regular,638500,21200,3,0,0,
PI-PROD-2026-092,EMP-9492,Employee 92,regular,642000,22400,6,25000,0,
PI-PROD-2026-093,EMP-9493,Employee 93,contract,645500,23600,9,15000,0,
PI-PROD-2026-094,EMP-9494,Employee 94,outsourcing,649000,24800,12,0,0,
PI-PROD-2026-095,EMP-9495,Employee 95,regular,652500,26000,15,0,0,
PI-PROD-2026-096,EMP-9496,Employee 96,regular,656000,27200,0,15000,8000,Company Housing Maintenance Fee
PI-PROD-2026-097,EMP-9497,Employee 97,regular,659500,28400,3,0,0,
PI-PROD-2026-098,EMP-9498,Employee 98,contract,663000,29600,6,25000,0,
PI-PROD-2026-099,EMP-9499,Employee 99,regular,520000,185000,4,20000,0,
PI-PROD-2026-100,EMP-9500,Employee 100,regular,670000,32000,12,25000,0,
PI-PROD-2026-101,EMP-9501,Employee 101,regular,673500,33200,15,0,0,
PI-PROD-2026-102,EMP-9502,Employee 102,regular,677000,34400,0,15000,8000,Company Housing Maintenance Fee
PI-PROD-2026-103,EMP-9503,Employee 103,contract,680500,35600,3,0,0,
PI-PROD-2026-104,EMP-9504,Employee 104,outsourcing,684000,36800,6,0,0,
PI-PROD-2026-105,EMP-9505,Employee 105,regular,687500,38000,9,15000,0,
PI-PROD-2026-106,EMP-9506,Employee 106,regular,691000,39200,12,25000,0,
PI-PROD-2026-107,EMP-9507,Employee 107,regular,694500,8400,15,0,0,
PI-PROD-2026-108,EMP-9508,Employee 108,contract,698000,9600,0,15000,0,
PI-PROD-2026-109,EMP-9509,Employee 109,outsourcing,460000,18000,3,25000,0,
PI-PROD-2026-110,EMP-9510,Employee 110,regular,325000,12000,6,25000,0,
PI-PROD-2026-111,EMP-9511,Employee 111,regular,328500,13200,9,15000,0,
PI-PROD-2026-112,EMP-9512,Employee 112,regular,332000,14400,12,25000,0,
PI-PROD-2026-113,EMP-9513,Employee 113,contract,335500,15600,15,0,0,
PI-PROD-2026-114,EMP-9514,Employee 114,contract,300000,15000,5,15000,75000,Advance emergency salary repayment
PI-PROD-2026-115,EMP-9515,Employee 115,regular,342500,18000,3,0,0,
PI-PROD-2026-116,EMP-9516,Employee 116,regular,346000,19200,6,25000,0,
PI-PROD-2026-117,EMP-9517,Employee 117,regular,349500,20400,9,15000,0,
PI-PROD-2026-118,EMP-9518,Employee 118,contract,353000,21600,12,25000,0,
PI-PROD-2026-119,EMP-9519,Employee 119,outsourcing,356500,22800,15,0,0,
PI-PROD-2026-120,EMP-9520,Employee 120,regular,360000,24000,0,15000,8000,Company Housing Maintenance Fee
